{
  "persona_id": "multi",
  "persona_name": "探索者タロウ",
  "description": "未訪問の場所を積極的に開拓し、同じ道は通りたがらない探索型エージェント。マップ全体を効率よく踏破することを目指す。",
  "reward_params": {
    "persona_id": "A",
    "persona_name": "探索者タロウ",
    "description": "未訪問の場所を積極的に開拓し、同じ道は通りたがらない探索型エージェント。マップ全体を効率よく踏破することを目指す。",
    "explore_bonus": 4.5,
    "building_bonus": 0.1,
    "road_bonus": 0.4,
    "forward_bias": 0.3,
    "revisit_penalty": 1.8,
    "violation_penalty": 3.0,
    "goal_reward": 10.0,
    "step_penalty": 0.05,
    "social_bonus": 0.0,
    "stall_penalty": 1.5,
    "food_bonus": 0.0,
    "food_classes": [],
    "dwell_bonus": 0.0,
    "dwell_classes": [],
    "social_dwell_bonus": 0.0,
    "social_dwell_classes": [],
    "ent_coef": 0.03,
    "gamma": 0.99,
    "turn_penalty": 0.015,
    "offroad_penalty": 0.12,
    "approach_coef": 0.3333333333333333
  },
  "obs_type": "fp_image",
  "input_size": 431,
  "obs_components": [
    "cls",
    "goal",
    "compass",
    "visited",
    "social",
    "obstacle"
  ],
  "cls_dim": 384,
  "goal_dim": 25,
  "aux_dim": 12,
  "persona_dim": 10,
  "persona_keys": [
    "explore_bonus",
    "building_bonus",
    "road_bonus",
    "forward_bias",
    "revisit_penalty",
    "step_penalty",
    "social_bonus",
    "stall_penalty",
    "dwell_bonus",
    "social_dwell_bonus"
  ],
  "persona_scale": [
    4.5,
    2.0,
    0.4000000059604645,
    0.8999999761581421,
    1.7999999523162842,
    0.5,
    3.5,
    2.0,
    1.5,
    2.0
  ],
  "persona_ids": [
    "A",
    "B",
    "C",
    "D",
    "E"
  ],
  "persona_vectors": {
    "A": [
      1.0,
      0.05000000074505806,
      1.0,
      0.3333333432674408,
      1.0,
      0.10000000149011612,
      0.0,
      0.75,
      0.0,
      0.0
    ],
    "B": [
      0.02222222276031971,
      0.25,
      0.75,
      0.6666666865348816,
      0.0,
      0.800000011920929,
      0.0,
      1.0,
      0.800000011920929,
      0.0
    ],
    "C": [
      0.1111111119389534,
      0.6000000238418579,
      0.5,
      0.222222238779068,
      0.0,
      0.1599999964237213,
      1.0,
      0.4000000059604645,
      0.0,
      1.0
    ],
    "D": [
      0.0,
      0.15000000596046448,
      0.5,
      1.0,
      0.111111119389534,
      1.0,
      0.0,
      1.0,
      0.0,
      0.0
    ],
    "E": [
      0.4444444477558136,
      1.0,
      0.25,
      0.111111119389534,
      0.1666666716337204,
      0.03999999910593033,
      0.1428571492433548,
      0.20000000298023224,
      1.0,
      0.0
    ]
  },
  "aux_layout": {
    "compass": 3,
    "visited": 4,
    "social": 2,
    "obstacle": 3
  },
  "obst_ray_max": 3.0,
  "obst_step": 0.25,
  "obst_off_deg": 40.0,
  "visit_radius": 5,
  "visit_window_ticks": 4000,
  "social_range": 8.0,
  "social_fov_deg": 120.0,
  "social_los_samples": 16,
  "goal_classes": [
    "kiosk",
    "conbini",
    "pharmacy",
    "cafe",
    "gyudon",
    "ramen",
    "bento",
    "shop",
    "house",
    "post",
    "bank",
    "apartment",
    "hotel",
    "office",
    "tower",
    "supermarket",
    "temple",
    "school",
    "station",
    "library",
    "hospital",
    "cityhall",
    "museum",
    "stadium",
    "mall"
  ],
  "img_w": 224,
  "img_h": 224,
  "img_ch": 3,
  "fov_deg": 60.0,
  "ray_max": 8.0,
  "output_size": 3,
  "actions": [
    "forward",
    "turn_left",
    "turn_right"
  ],
  "move_dist": 0.25,
  "rot_deg": 4.0,
  "rot_per_tick_deg": 4.0,
  "rot_decision_deg": 40.0,
  "action_repeat": 10,
  "grid_size": 30,
  "map": [
    [
      1,
      0,
      0,
      1,
      1,
      1,
      3,
      0,
      1,
      0,
      0,
      1,
      1,
      1,
      1,
      1,
      1,
      1,
      1,
      1,
      1,
      1,
      1,
      1,
      1,
      1,
      1,
      1,
      1,
      3
    ],
    [
      1,
      3,
      2,
      2,
      1,
      0,
      0,
      0,
      1,
      0,
      2,
      0,
      1,
      2,
      3,
      3,
      1,
      0,
      2,
      0,
      0,
      2,
      0,
      0,
      1,
      0,
      0,
      2,
      1,
      0
    ],
    [
      1,
      0,
      2,
      2,
      1,
      0,
      3,
      2,
      1,
      3,
      2,
      2,
      3,
      2,
      0,
      0,
      1,
      3,
      2,
      2,
      3,
      0,
      2,
      2,
      1,
      0,
      2,
      0,
      1,
      0
    ],
    [
      1,
      3,
      3,
      0,
      1,
      3,
      3,
      3,
      1,
      3,
      2,
      2,
      3,
      0,
      0,
      2,
      1,
      2,
      3,
      2,
      0,
      0,
      2,
      2,
      1,
      3,
      2,
      0,
      1,
      0
    ],
    [
      1,
      1,
      0,
      0,
      1,
      1,
      1,
      1,
      1,
      1,
      1,
      1,
      1,
      1,
      3,
      3,
      1,
      1,
      3,
      0,
      1,
      1,
      3,
      0,
      1,
      3,
      0,
      3,
      1,
      3
    ],
    [
      1,
      0,
      0,
      2,
      1,
      3,
      0,
      0,
      3,
      0,
      2,
      0,
      1,
      0,
      2,
      2,
      0,
      2,
      3,
      3,
      1,
      2,
      3,
      0,
      1,
      3,
      2,
      2,
      1,
      0
    ],
    [
      1,
      0,
      2,
      2,
      1,
      2,
      0,
      2,
      0,
      0,
      2,
      2,
      0,
      0,
      2,
      2,
      0,
      2,
      2,
      0,
      1,
      2,
      2,
      2,
      1,
      2,
      3,
      3,
      1,
      0
    ],
    [
      1,
      0,
      2,
      2,
      1,
      0,
      2,
      2,
      0,
      2,
      2,
      2,
      3,
      2,
      2,
      2,
      1,
      2,
      2,
      2,
      1,
      2,
      2,
      0,
      1,
      0,
      0,
      0,
      1,
      0
    ],
    [
      1,
      1,
      1,
      1,
      1,
      1,
      1,
      1,
      1,
      1,
      1,
      1,
      1,
      1,
      1,
      1,
      1,
      0,
      0,
      3,
      1,
      3,
      1,
      1,
      1,
      0,
      0,
      3,
      1,
      1
    ],
    [
      3,
      3,
      3,
      3,
      1,
      0,
      3,
      2,
      0,
      2,
      2,
      0,
      1,
      0,
      0,
      3,
      3,
      3,
      0,
      0,
      1,
      0,
      2,
      2,
      1,
      3,
      0,
      3,
      3,
      0
    ],
    [
      0,
      0,
      3,
      2,
      1,
      0,
      2,
      0,
      0,
      2,
      2,
      3,
      1,
      2,
      2,
      3,
      3,
      2,
      0,
      0,
      1,
      0,
      2,
      2,
      1,
      2,
      2,
      0,
      1,
      0
    ],
    [
      3,
      0,
      2,
      0,
      1,
      0,
      3,
      0,
      0,
      0,
      0,
      2,
      1,
      2,
      2,
      0,
      3,
      0,
      3,
      0,
      1,
      3,
      2,
      0,
      1,
      2,
      2,
      0,
      1,
      0
    ],
    [
      1,
      1,
      1,
      1,
      1,
      1,
      1,
      1,
      1,
      0,
      0,
      3,
      1,
      1,
      1,
      1,
      1,
      1,
      1,
      1,
      1,
      1,
      1,
      1,
      1,
      1,
      1,
      1,
      1,
      0
    ],
    [
      0,
      0,
      0,
      2,
      3,
      2,
      0,
      0,
      1,
      2,
      2,
      0,
      3,
      0,
      2,
      0,
      1,
      3,
      3,
      2,
      3,
      0,
      2,
      0,
      1,
      0,
      0,
      3,
      3,
      0
    ],
    [
      0,
      0,
      0,
      0,
      0,
      0,
      2,
      2,
      1,
      2,
      2,
      0,
      0,
      0,
      2,
      2,
      0,
      3,
      0,
      0,
      1,
      2,
      0,
      3,
      1,
      2,
      0,
      0,
      0,
      0
    ],
    [
      3,
      2,
      0,
      0,
      0,
      2,
      3,
      0,
      1,
      3,
      2,
      0,
      0,
      2,
      3,
      2,
      0,
      3,
      2,
      0,
      1,
      0,
      2,
      0,
      1,
      2,
      0,
      3,
      0,
      0
